-- MySQL dump 10.13  Distrib 5.6.30, for debian-linux-gnu (i686)
--
-- Host: localhost    Database: drivesense_wings
-- ------------------------------------------------------
-- Server version	5.6.30-0ubuntu0.14.04.1

/*!40101 SET @OLD_CHARACTER_SET_CLIENT=@@CHARACTER_SET_CLIENT */;
/*!40101 SET @OLD_CHARACTER_SET_RESULTS=@@CHARACTER_SET_RESULTS */;
/*!40101 SET @OLD_COLLATION_CONNECTION=@@COLLATION_CONNECTION */;
/*!40101 SET NAMES utf8 */;
/*!40103 SET @OLD_TIME_ZONE=@@TIME_ZONE */;
/*!40103 SET TIME_ZONE='+00:00' */;
/*!40014 SET @OLD_UNIQUE_CHECKS=@@UNIQUE_CHECKS, UNIQUE_CHECKS=0 */;
/*!40014 SET @OLD_FOREIGN_KEY_CHECKS=@@FOREIGN_KEY_CHECKS, FOREIGN_KEY_CHECKS=0 */;
/*!40101 SET @OLD_SQL_MODE=@@SQL_MODE, SQL_MODE='NO_AUTO_VALUE_ON_ZERO' */;
/*!40111 SET @OLD_SQL_NOTES=@@SQL_NOTES, SQL_NOTES=0 */;

--
-- Current Database: `drivesense_wings`
--

CREATE DATABASE /*!32312 IF NOT EXISTS*/ `drivesense_wings` /*!40100 DEFAULT CHARACTER SET latin1 */;

USE `drivesense_wings`;

--
-- Table structure for table `gps`
--

DROP TABLE IF EXISTS `gps`;
/*!40101 SET @saved_cs_client     = @@character_set_client */;
/*!40101 SET character_set_client = utf8 */;
CREATE TABLE `gps` (
  `tripid` int(10) unsigned NOT NULL,
  `time` bigint(20) unsigned NOT NULL,
  `lat` decimal(16,8) NOT NULL,
  `lng` decimal(16,8) NOT NULL,
  `alt` decimal(16,8) NOT NULL,
  `speed` decimal(16,8) NOT NULL,
  `score` decimal(16,8) NOT NULL,
  `event` int(11) DEFAULT NULL
) ENGINE=InnoDB DEFAULT CHARSET=latin1;
/*!40101 SET character_set_client = @saved_cs_client */;

--
-- Dumping data for table `gps`
--

LOCK TABLES `gps` WRITE;
/*!40000 ALTER TABLE `gps` DISABLE KEYS */;
INSERT INTO `gps` VALUES (25,1470253760561,43.07216263,-89.40670776,268.00000000,0.00000000,10.00000000,0),(25,1470253761606,43.07216644,-89.40666962,268.00000000,0.00000000,10.00000000,0),(25,1470253762571,43.07212830,-89.40666199,269.00000000,0.00000000,10.00000000,0),(25,1470253763550,43.07209015,-89.40663910,269.00000000,0.00000000,10.00000000,0),(41,1470340688931,43.07186890,-89.40677643,238.00000000,0.00000000,10.00000000,0),(41,1470340692930,43.07197571,-89.40666199,229.00000000,0.50000000,10.00000000,0),(41,1470340693867,43.07194138,-89.40667725,231.00000000,0.50000000,10.00000000,0),(41,1470340694908,43.07194138,-89.40668488,241.00000000,0.25000000,10.00000000,0),(41,1470340695928,43.07193375,-89.40670013,239.00000000,0.25000000,10.00000000,0),(41,1470340696929,43.07192230,-89.40671539,239.00000000,0.25000000,10.00000000,0),(41,1470340697932,43.07188797,-89.40676880,240.00000000,0.00000000,10.00000000,0),(41,1470340698874,43.07185364,-89.40680695,237.00000000,0.00000000,10.00000000,0),(41,1470340699874,43.07182693,-89.40682983,238.00000000,0.00000000,10.00000000,0),(41,1470340700876,43.07181168,-89.40684509,238.00000000,0.00000000,10.00000000,0),(41,1470340701902,43.07179260,-89.40685272,236.00000000,0.00000000,10.00000000,0),(41,1470340702881,43.07177353,-89.40686035,236.00000000,0.00000000,10.00000000,0),(42,1470341698873,43.07197189,-89.40700531,230.00000000,0.00000000,10.00000000,0),(42,1470341699875,43.07207489,-89.40697479,230.00000000,0.00000000,10.00000000,0),(42,1470341700879,43.07207489,-89.40696716,230.00000000,0.00000000,1.18591917,-1),(42,1470341701883,43.07207489,-89.40695953,231.00000000,0.00000000,0.59295958,-1),(42,1470341702875,43.07207108,-89.40695953,231.00000000,0.00000000,3.72863960,0),(42,1470341703875,43.07206726,-89.40695190,231.00000000,0.00000000,5.29647970,0),(42,1470341704873,43.07205582,-89.40694427,232.00000000,0.00000000,6.23718405,0),(42,1470341705877,43.07205200,-89.40693665,232.00000000,0.00000000,6.86431980,0),(42,1470341706882,43.07205200,-89.40693665,232.00000000,0.00000000,6.86431980,0),(42,1470341707878,43.07205200,-89.40693665,232.00000000,0.00000000,6.86431980,0),(42,1470341708872,43.07205200,-89.40693665,232.00000000,0.00000000,6.86431980,0),(42,1470341709872,43.07205200,-89.40692139,233.00000000,0.00000000,7.31227398,0),(42,1470341710872,43.07205200,-89.40695953,232.00000000,0.00000000,7.64824009,0),(42,1470341711909,43.07206345,-89.40695953,233.00000000,0.00000000,7.90954638,0),(42,1470341712960,43.07205200,-89.40694427,233.00000000,0.00000000,8.11859226,0),(42,1470341713892,43.07204819,-89.40693665,234.00000000,0.00000000,8.28962898,0),(42,1470341714912,43.07204437,-89.40693665,234.00000000,0.00000000,8.43216038,0),(42,1470341715872,43.07203674,-89.40692902,235.00000000,0.00000000,8.55276299,0),(42,1470341716865,43.07203674,-89.40692902,235.00000000,0.00000000,8.55276299,0),(42,1470341717884,43.07203293,-89.40692139,235.00000000,0.00000000,8.65613747,0),(42,1470341718866,43.07202530,-89.40691376,236.00000000,0.00000000,8.74572754,0),(42,1470341719871,43.07202530,-89.40691376,236.00000000,0.00000000,8.74572754,0),(43,1470341726865,43.07202530,-89.40690613,236.00000000,0.00000000,10.00000000,0),(43,1470341727887,43.07202148,-89.40689087,237.00000000,0.00000000,10.00000000,0),(43,1470341728974,43.07202148,-89.40689087,237.00000000,0.00000000,10.00000000,0),(43,1470341729902,43.07201767,-89.40689087,237.00000000,0.00000000,10.00000000,0),(43,1470341730870,43.07201385,-89.40689087,237.00000000,0.00000000,10.00000000,0),(43,1470341731897,43.07201385,-89.40689087,237.00000000,0.00000000,10.00000000,0),(43,1470341732872,43.07201004,-89.40689087,237.00000000,0.00000000,10.00000000,0),(43,1470341733873,43.07201004,-89.40689087,237.00000000,0.00000000,10.00000000,0),(43,1470341734873,43.07201004,-89.40689850,237.00000000,0.00000000,10.00000000,0),(43,1470341735867,43.07200623,-89.40689087,238.00000000,0.00000000,10.00000000,0),(43,1470341736869,43.07201004,-89.40689087,238.00000000,0.00000000,10.00000000,0),(43,1470341737875,43.07200623,-89.40689087,238.00000000,0.00000000,10.00000000,0),(43,1470341738873,43.07200623,-89.40689087,238.00000000,0.00000000,10.00000000,0),(43,1470341739872,43.07200623,-89.40688324,238.00000000,0.00000000,10.00000000,0),(43,1470341740873,43.07200241,-89.40689087,238.00000000,0.00000000,10.00000000,0),(43,1470341741872,43.07200241,-89.40689087,238.00000000,0.00000000,10.00000000,0),(43,1470341742872,43.07200241,-89.40688324,238.00000000,0.00000000,10.00000000,0),(43,1470341743892,43.07200241,-89.40688324,238.00000000,0.00000000,10.00000000,0),(43,1470341744872,43.07200241,-89.40688324,238.00000000,0.00000000,10.00000000,0),(43,1470341745876,43.07200241,-89.40688324,238.00000000,0.00000000,10.00000000,0),(43,1470341746876,43.07200241,-89.40688324,238.00000000,0.00000000,10.00000000,0),(43,1470341747890,43.07199860,-89.40688324,238.00000000,0.00000000,10.00000000,0),(43,1470341748880,43.07200241,-89.40688324,238.00000000,0.00000000,10.00000000,0),(44,1470341754866,43.07200241,-89.40687561,239.00000000,0.00000000,10.00000000,0),(44,1470341755871,43.07199860,-89.40687561,239.00000000,0.00000000,10.00000000,0),(44,1470341756913,43.07199860,-89.40687561,239.00000000,0.00000000,10.00000000,0),(44,1470341757870,43.07199478,-89.40687561,239.00000000,0.00000000,10.00000000,0),(44,1470341758862,43.07199478,-89.40687561,239.00000000,0.00000000,10.00000000,0),(44,1470341759872,43.07199097,-89.40687561,239.00000000,0.00000000,10.00000000,0),(44,1470341760873,43.07199097,-89.40687561,239.00000000,0.00000000,10.00000000,0),(44,1470341761865,43.07198715,-89.40687561,239.00000000,0.00000000,10.00000000,0),(44,1470341762863,43.07198715,-89.40687561,239.00000000,0.00000000,10.00000000,0),(44,1470341763862,43.07198715,-89.40687561,239.00000000,0.00000000,10.00000000,0),(44,1470341764863,43.07198715,-89.40686798,239.00000000,0.00000000,10.00000000,0),(44,1470341765866,43.07198715,-89.40686798,239.00000000,0.00000000,10.00000000,0),(44,1470341766870,43.07198334,-89.40686798,239.00000000,0.00000000,10.00000000,0),(44,1470341767862,43.07198334,-89.40686798,239.00000000,0.00000000,10.00000000,0),(44,1470341768862,43.07198334,-89.40686798,239.00000000,0.00000000,10.00000000,0),(44,1470341769867,43.07198334,-89.40686798,240.00000000,0.00000000,10.00000000,0),(44,1470341770880,43.07198334,-89.40686798,240.00000000,0.00000000,10.00000000,0),(44,1470341771874,43.07198334,-89.40686035,240.00000000,0.00000000,10.00000000,0),(45,1470341777871,43.07198334,-89.40686035,240.00000000,0.00000000,10.00000000,0),(45,1470341778870,43.07198334,-89.40686035,240.00000000,0.00000000,10.00000000,0),(45,1470341779892,43.07198715,-89.40686035,240.00000000,0.00000000,10.00000000,0),(45,1470341780872,43.07198715,-89.40686035,240.00000000,0.00000000,10.00000000,0),(45,1470341781862,43.07198715,-89.40686035,240.00000000,0.00000000,10.00000000,0),(45,1470341782901,43.07198715,-89.40686035,240.00000000,0.00000000,10.00000000,0),(45,1470341783873,43.07198715,-89.40686035,240.00000000,0.00000000,10.00000000,0),(45,1470341784872,43.07198334,-89.40686035,240.00000000,0.00000000,10.00000000,0),(45,1470341785896,43.07198334,-89.40686035,240.00000000,0.00000000,10.00000000,0),(45,1470341786873,43.07198334,-89.40686035,240.00000000,0.00000000,10.00000000,0),(45,1470341787873,43.07198334,-89.40686035,240.00000000,0.00000000,10.00000000,0),(45,1470341788872,43.07198334,-89.40685272,240.00000000,0.00000000,10.00000000,0),(45,1470341789872,43.07198715,-89.40685272,240.00000000,0.00000000,10.00000000,0),(45,1470341790865,43.07198334,-89.40685272,241.00000000,0.00000000,10.00000000,0),(46,1470341797910,43.07198334,-89.40684509,241.00000000,0.00000000,10.00000000,0),(46,1470341798875,43.07198334,-89.40684509,241.00000000,0.00000000,10.00000000,0),(46,1470341799865,43.07198334,-89.40684509,241.00000000,0.00000000,10.00000000,0),(46,1470341800897,43.07198334,-89.40684509,241.00000000,0.00000000,10.00000000,0),(46,1470341801872,43.07198334,-89.40684509,241.00000000,0.00000000,10.00000000,0),(46,1470341802872,43.07198334,-89.40684509,241.00000000,0.00000000,10.00000000,0),(46,1470341803872,43.07197952,-89.40684509,241.00000000,0.00000000,10.00000000,0),(46,1470341804872,43.07197952,-89.40684509,241.00000000,0.00000000,10.00000000,0),(46,1470341805880,43.07197952,-89.40684509,241.00000000,0.00000000,10.00000000,0),(46,1470341806876,43.07197952,-89.40684509,241.00000000,0.00000000,10.00000000,0),(46,1470341807871,43.07197952,-89.40684509,241.00000000,0.00000000,10.00000000,0),(46,1470341808872,43.07197952,-89.40684509,241.00000000,0.00000000,10.00000000,0),(46,1470341809890,43.07197952,-89.40684509,241.00000000,0.00000000,10.00000000,0),(46,1470341810874,43.07197952,-89.40684509,241.00000000,0.00000000,10.00000000,0),(46,1470341811872,43.07197952,-89.40683746,242.00000000,0.00000000,10.00000000,0),(47,1470341819864,43.07197952,-89.40683746,242.00000000,0.00000000,10.00000000,0),(47,1470341820876,43.07197952,-89.40683746,242.00000000,0.00000000,10.00000000,0),(47,1470341821881,43.07197571,-89.40683746,242.00000000,0.00000000,10.00000000,0),(47,1470341822865,43.07197571,-89.40683746,242.00000000,0.00000000,10.00000000,0),(47,1470341823876,43.07197571,-89.40683746,242.00000000,0.00000000,10.00000000,0),(47,1470341824872,43.07197571,-89.40683746,242.00000000,0.00000000,10.00000000,0),(47,1470341825872,43.07197571,-89.40683746,242.00000000,0.00000000,10.00000000,0),(47,1470341826872,43.07197571,-89.40683746,242.00000000,0.00000000,10.00000000,0),(47,1470341827884,43.07197571,-89.40684509,242.00000000,0.00000000,10.00000000,0),(47,1470341828878,43.07197952,-89.40683746,242.00000000,0.00000000,10.00000000,0),(47,1470341829872,43.07197952,-89.40684509,242.00000000,0.00000000,10.00000000,0),(47,1470341830872,43.07197952,-89.40684509,242.00000000,0.00000000,10.00000000,0),(47,1470341831867,43.07197571,-89.40683746,242.00000000,0.00000000,10.00000000,0),(47,1470341832922,43.07197571,-89.40683746,242.00000000,0.00000000,10.00000000,0),(47,1470341833882,43.07197571,-89.40683746,242.00000000,0.00000000,10.00000000,0),(47,1470341834908,43.07197952,-89.40683746,242.00000000,0.00000000,10.00000000,0),(47,1470341835924,43.07197952,-89.40682983,242.00000000,0.00000000,10.00000000,0),(47,1470341836881,43.07197952,-89.40682983,242.00000000,0.00000000,10.00000000,0),(47,1470341837899,43.07197571,-89.40682983,243.00000000,0.00000000,10.00000000,0),(47,1470341838886,43.07197571,-89.40682983,243.00000000,0.00000000,10.00000000,0),(47,1470341839930,43.07197571,-89.40682983,243.00000000,0.00000000,10.00000000,0),(47,1470341840948,43.07197571,-89.40682220,243.00000000,0.00000000,10.00000000,0),(47,1470341841915,43.07197571,-89.40682220,243.00000000,0.00000000,10.00000000,0),(48,1470341848871,43.07197189,-89.40682220,243.00000000,0.00000000,10.00000000,0),(48,1470341849874,43.07197189,-89.40682220,243.00000000,0.00000000,10.00000000,0),(48,1470341850881,43.07197189,-89.40682220,243.00000000,0.00000000,10.00000000,0),(48,1470341851872,43.07197189,-89.40682220,243.00000000,0.00000000,10.00000000,0),(48,1470341852873,43.07197189,-89.40682220,243.00000000,0.00000000,10.00000000,0),(48,1470341853872,43.07197571,-89.40682220,243.00000000,0.00000000,10.00000000,0),(48,1470341854874,43.07197189,-89.40682220,243.00000000,0.00000000,10.00000000,0),(48,1470341855874,43.07197189,-89.40682220,243.00000000,0.00000000,10.00000000,0),(48,1470341856922,43.07197189,-89.40682220,244.00000000,0.00000000,10.00000000,0),(48,1470341857872,43.07197189,-89.40682220,243.00000000,0.00000000,10.00000000,0),(48,1470341858872,43.07197189,-89.40682220,244.00000000,0.00000000,10.00000000,0),(48,1470341859870,43.07197189,-89.40682220,244.00000000,0.00000000,10.00000000,0),(48,1470341860874,43.07197189,-89.40681458,244.00000000,0.00000000,10.00000000,0),(48,1470341861874,43.07197189,-89.40681458,244.00000000,0.00000000,10.00000000,0),(48,1470341862873,43.07197189,-89.40681458,244.00000000,0.00000000,10.00000000,0),(48,1470341863872,43.07196808,-89.40680695,244.00000000,0.00000000,10.00000000,0),(48,1470341864872,43.07196808,-89.40680695,245.00000000,0.00000000,10.00000000,0),(48,1470341865873,43.07196808,-89.40680695,245.00000000,0.00000000,10.00000000,0),(48,1470341866872,43.07196808,-89.40679932,245.00000000,0.00000000,10.00000000,0),(48,1470341867873,43.07196808,-89.40679932,245.00000000,0.00000000,10.00000000,0),(48,1470341868872,43.07196808,-89.40679932,245.00000000,0.00000000,10.00000000,0),(48,1470341869873,43.07196808,-89.40679932,245.00000000,0.00000000,10.00000000,0),(48,1470341870872,43.07196808,-89.40679932,245.00000000,0.00000000,10.00000000,0),(48,1470341871872,43.07196808,-89.40679932,245.00000000,0.00000000,10.00000000,0),(48,1470341872875,43.07196808,-89.40679932,245.00000000,0.00000000,10.00000000,0),(48,1470341873873,43.07196808,-89.40679169,245.00000000,0.00000000,10.00000000,0),(49,1470341937863,43.07195663,-89.40679169,245.00000000,0.00000000,10.00000000,0),(49,1470341952873,43.07195663,-89.40679169,245.00000000,0.00000000,10.00000000,0),(49,1470341957873,43.07195663,-89.40679169,245.00000000,0.00000000,10.00000000,0),(49,1470341958871,43.07195663,-89.40679169,245.00000000,0.00000000,10.00000000,0),(49,1470341959875,43.07195663,-89.40679169,245.00000000,0.00000000,10.00000000,0),(49,1470341960871,43.07195663,-89.40679169,245.00000000,0.00000000,10.00000000,0),(49,1470341961871,43.07195663,-89.40679169,245.00000000,0.00000000,10.00000000,0),(49,1470341962879,43.07195663,-89.40679169,245.00000000,0.00000000,10.00000000,0),(49,1470341964874,43.07195663,-89.40678406,245.00000000,0.00000000,10.00000000,0),(49,1470341965874,43.07195663,-89.40678406,245.00000000,0.00000000,10.00000000,0),(49,1470341966870,43.07195663,-89.40678406,245.00000000,0.00000000,10.00000000,0),(49,1470341967873,43.07196045,-89.40678406,245.00000000,0.00000000,10.00000000,0),(50,1470341985873,43.07196045,-89.40678406,245.00000000,0.00000000,10.00000000,0),(50,1470341989922,43.07196045,-89.40678406,245.00000000,0.00000000,10.00000000,0),(50,1470341990877,43.07196045,-89.40678406,245.00000000,0.00000000,10.00000000,0),(50,1470341991869,43.07195663,-89.40678406,245.00000000,0.00000000,10.00000000,0),(50,1470341992872,43.07195663,-89.40678406,245.00000000,0.00000000,10.00000000,0),(50,1470341993883,43.07195663,-89.40678406,245.00000000,0.00000000,10.00000000,0),(50,1470341994882,43.07195663,-89.40678406,245.00000000,0.00000000,10.00000000,0),(50,1470341995874,43.07196426,-89.40669250,251.00000000,0.00000000,10.00000000,0),(50,1470341996872,43.07196426,-89.40670013,251.00000000,0.00000000,10.00000000,0),(50,1470341997872,43.07196426,-89.40668488,252.00000000,0.00000000,10.00000000,0),(50,1470341998880,43.07197189,-89.40666962,253.00000000,0.00000000,10.00000000,0),(51,1470342003880,43.07197189,-89.40666962,253.00000000,0.00000000,10.00000000,0),(51,1470342004885,43.07197189,-89.40666962,253.00000000,0.00000000,10.00000000,0),(51,1470342005861,43.07197189,-89.40666962,253.00000000,0.00000000,10.00000000,0),(51,1470342006871,43.07197189,-89.40666962,253.00000000,0.00000000,10.00000000,0),(51,1470342007871,43.07197189,-89.40666962,253.00000000,0.00000000,10.00000000,0),(51,1470342008873,43.07197189,-89.40666962,253.00000000,0.00000000,10.00000000,0),(52,1470342162873,43.07233810,-89.40612793,257.00000000,0.50000000,10.00000000,0),(52,1470342203870,43.07197189,-89.40613556,289.00000000,0.25000000,10.00000000,0),(52,1470342204897,43.07197952,-89.40614319,288.00000000,0.25000000,10.00000000,0),(52,1470342205871,43.07197189,-89.40616608,285.00000000,0.25000000,10.00000000,0),(52,1470342206865,43.07192612,-89.40654755,259.00000000,0.50000000,10.00000000,0),(52,1470342207881,43.07192230,-89.40656281,260.00000000,0.75000000,7.50000000,-1),(52,1470342208872,43.07192612,-89.40657043,257.00000000,0.75000000,8.00000000,0),(52,1470342209877,43.07192993,-89.40657043,259.00000000,0.50000000,8.33333302,0),(52,1470342210870,43.07192230,-89.40657043,262.00000000,0.50000000,8.57142830,0),(52,1470342211869,43.07191086,-89.40657806,261.00000000,0.50000000,8.75000000,0),(52,1470342212869,43.07190323,-89.40658569,262.00000000,0.50000000,8.88888931,0),(52,1470342213869,43.07190323,-89.40658569,262.00000000,0.50000000,8.88888931,0),(52,1470342214876,43.07189560,-89.40659332,261.00000000,0.75000000,9.00000000,0),(52,1470342215869,43.07188797,-89.40659332,264.00000000,0.75000000,9.09090900,0),(53,1470342220862,43.07188797,-89.40657806,262.00000000,0.50000000,10.00000000,0),(53,1470342221869,43.07188797,-89.40658569,260.00000000,0.00000000,10.00000000,0),(53,1470342222887,43.07188797,-89.40659332,259.00000000,0.00000000,10.00000000,0),(53,1470342223872,43.07189560,-89.40658569,261.00000000,0.00000000,10.00000000,0),(53,1470342224875,43.07189941,-89.40658569,260.00000000,0.00000000,10.00000000,0),(53,1470342225872,43.07189941,-89.40658569,260.00000000,0.00000000,10.00000000,0),(53,1470342226894,43.07189941,-89.40660095,257.00000000,0.00000000,10.00000000,0),(54,1470342365884,43.07192612,-89.40619659,279.00000000,0.25000000,10.00000000,0),(54,1470342366890,43.07191467,-89.40622711,273.00000000,0.50000000,10.00000000,0),(54,1470342367870,43.07192612,-89.40621948,277.00000000,0.50000000,10.00000000,0),(54,1470342368871,43.07192993,-89.40621185,276.00000000,0.50000000,10.00000000,0),(54,1470342369875,43.07192993,-89.40622711,273.00000000,0.50000000,10.00000000,0),(54,1470342370870,43.07193375,-89.40625000,265.00000000,0.50000000,10.00000000,0),(54,1470342371872,43.07193756,-89.40632629,261.00000000,0.00000000,10.00000000,0),(54,1470342372871,43.07193375,-89.40638733,258.00000000,0.00000000,10.00000000,0),(54,1470342373873,43.07193756,-89.40641785,257.00000000,0.00000000,10.00000000,0),(54,1470342374871,43.07193756,-89.40644073,255.00000000,0.00000000,10.00000000,0),(54,1470342375900,43.07194138,-89.40644836,255.00000000,0.00000000,10.00000000,0),(54,1470342376872,43.07194901,-89.40644836,255.00000000,0.00000000,10.00000000,0),(54,1470342377892,43.07195663,-89.40644836,254.00000000,0.00000000,10.00000000,0),(54,1470342378877,43.07196045,-89.40644836,254.00000000,0.00000000,10.00000000,0),(54,1470342379872,43.07196045,-89.40644836,253.00000000,0.00000000,10.00000000,0),(54,1470342380872,43.07196045,-89.40645599,251.00000000,0.00000000,10.00000000,0),(54,1470342381956,43.07196426,-89.40645599,251.00000000,0.00000000,10.00000000,0),(54,1470342382996,43.07196426,-89.40645599,251.00000000,0.00000000,10.00000000,0),(54,1470342383874,43.07196426,-89.40645599,251.00000000,0.00000000,10.00000000,0),(54,1470342384872,43.07196426,-89.40645599,251.00000000,0.00000000,10.00000000,0),(54,1470342385869,43.07196426,-89.40645599,250.00000000,0.00000000,10.00000000,0),(54,1470342386870,43.07196045,-89.40646362,250.00000000,0.00000000,10.00000000,0),(54,1470342387873,43.07196045,-89.40646362,250.00000000,0.00000000,10.00000000,0),(54,1470342388923,43.07196045,-89.40646362,250.00000000,0.00000000,10.00000000,0),(54,1470342389872,43.07196045,-89.40646362,250.00000000,0.00000000,10.00000000,0),(54,1470342390870,43.07196045,-89.40646362,250.00000000,0.00000000,10.00000000,0),(54,1470342391871,43.07196426,-89.40646362,250.00000000,0.00000000,10.00000000,0),(54,1470342392871,43.07196426,-89.40645599,250.00000000,0.00000000,10.00000000,0),(54,1470342393861,43.07196426,-89.40645599,250.00000000,0.00000000,10.00000000,0),(54,1470342394869,43.07196426,-89.40645599,250.00000000,0.00000000,10.00000000,0),(54,1470342395874,43.07196426,-89.40645599,250.00000000,0.00000000,10.00000000,0),(54,1470342396891,43.07196426,-89.40645599,250.00000000,0.00000000,10.00000000,0),(54,1470342397874,43.07196426,-89.40645599,250.00000000,0.00000000,10.00000000,0),(54,1470342398870,43.07196426,-89.40645599,250.00000000,0.00000000,10.00000000,0),(54,1470342399870,43.07196426,-89.40645599,250.00000000,0.00000000,10.00000000,0),(54,1470342400880,43.07196426,-89.40645599,250.00000000,0.00000000,10.00000000,0),(54,1470342401873,43.07196426,-89.40645599,250.00000000,0.00000000,10.00000000,0),(54,1470342402890,43.07196426,-89.40645599,250.00000000,0.00000000,10.00000000,0),(54,1470342403872,43.07196426,-89.40645599,250.00000000,0.00000000,10.00000000,0),(54,1470342404872,43.07196426,-89.40645599,250.00000000,0.00000000,10.00000000,0),(54,1470342405921,43.07196426,-89.40645599,250.00000000,0.00000000,10.00000000,0),(54,1470342406913,43.07196426,-89.40645599,250.00000000,0.00000000,10.00000000,0),(54,1470342407873,43.07196426,-89.40646362,250.00000000,0.00000000,10.00000000,0),(54,1470342408871,43.07196426,-89.40646362,250.00000000,0.00000000,10.00000000,0),(54,1470342409878,43.07196426,-89.40646362,250.00000000,0.00000000,10.00000000,0),(54,1470342410893,43.07196426,-89.40646362,250.00000000,0.00000000,10.00000000,0),(54,1470342411879,43.07196426,-89.40646362,250.00000000,0.00000000,10.00000000,0),(54,1470342412926,43.07196426,-89.40646362,250.00000000,0.00000000,10.00000000,0),(54,1470342413881,43.07196426,-89.40646362,250.00000000,0.00000000,10.00000000,0),(54,1470342414874,43.07196426,-89.40646362,250.00000000,0.00000000,10.00000000,0),(54,1470342415875,43.07196426,-89.40646362,250.00000000,0.00000000,10.00000000,0),(54,1470342416879,43.07196426,-89.40646362,250.00000000,0.00000000,10.00000000,0),(54,1470342417873,43.07196426,-89.40646362,250.00000000,0.00000000,10.00000000,0),(54,1470342418876,43.07196426,-89.40646362,250.00000000,0.00000000,10.00000000,0),(54,1470342419871,43.07196426,-89.40646362,250.00000000,0.00000000,10.00000000,0),(54,1470342420873,43.07196426,-89.40646362,250.00000000,0.00000000,10.00000000,0),(54,1470342421865,43.07196426,-89.40646362,250.00000000,0.00000000,10.00000000,0),(54,1470342422870,43.07196426,-89.40646362,250.00000000,0.00000000,10.00000000,0),(54,1470342423886,43.07196426,-89.40646362,250.00000000,0.00000000,10.00000000,0),(54,1470342424873,43.07196426,-89.40646362,250.00000000,0.00000000,10.00000000,0),(54,1470342425867,43.07196426,-89.40646362,250.00000000,0.00000000,10.00000000,0),(54,1470342426870,43.07196426,-89.40646362,250.00000000,0.00000000,10.00000000,0),(54,1470342427870,43.07196426,-89.40646362,250.00000000,0.00000000,10.00000000,0),(54,1470342428888,43.07196426,-89.40646362,250.00000000,0.00000000,10.00000000,0),(54,1470342429878,43.07196426,-89.40646362,250.00000000,0.00000000,10.00000000,0),(54,1470342430875,43.07196426,-89.40646362,250.00000000,0.00000000,10.00000000,0);
/*!40000 ALTER TABLE `gps` ENABLE KEYS */;
UNLOCK TABLES;

--
-- Table structure for table `trip`
--

DROP TABLE IF EXISTS `trip`;
/*!40101 SET @saved_cs_client     = @@character_set_client */;
/*!40101 SET character_set_client = utf8 */;
CREATE TABLE `trip` (
  `tripid` int(10) unsigned NOT NULL AUTO_INCREMENT,
  `userid` int(10) unsigned NOT NULL,
  `deviceid` varchar(100) DEFAULT NULL,
  `model` varchar(100) DEFAULT NULL,
  `starttime` bigint(20) unsigned DEFAULT NULL,
  `endtime` bigint(20) unsigned DEFAULT NULL,
  `distance` decimal(16,8) DEFAULT NULL,
  `score` decimal(16,8) DEFAULT NULL,
  `tripstatus` int(11) DEFAULT NULL,
  PRIMARY KEY (`tripid`),
  UNIQUE KEY `trip_stime` (`deviceid`,`starttime`)
) ENGINE=InnoDB AUTO_INCREMENT=55 DEFAULT CHARSET=latin1;
/*!40101 SET character_set_client = @saved_cs_client */;

--
-- Dumping data for table `trip`
--

LOCK TABLES `trip` WRITE;
/*!40000 ALTER TABLE `trip` DISABLE KEYS */;
INSERT INTO `trip` VALUES (25,1,'ff83483f68bbae18','LGE,Nexus 5',1470253748399,1470253763550,0.00748310,10.00000000,1),(39,1,'ff83483f68bbae18','LGE,Nexus 5',1470340475273,0,0.00000000,10.00000000,1),(40,1,'ff83483f68bbae18','LGE,Nexus 5',1470340519389,0,0.00000000,10.00000000,1),(41,1,'ff83483f68bbae18','LGE,Nexus 5',1470340567363,1470340702881,0.02716677,10.00000000,1),(42,1,'ff83483f68bbae18','LGE,Nexus 5',1470341638678,1470341719871,0.01721683,8.74572794,1),(43,1,'ff83483f68bbae18','LGE,Nexus 5',1470341723417,1470341748880,0.00476158,10.00000000,1),(44,1,'ff83483f68bbae18','LGE,Nexus 5',1470341751646,1470341771874,0.00214049,10.00000000,1),(45,1,'ff83483f68bbae18','LGE,Nexus 5',1470341774821,1470341790865,0.00143755,10.00000000,1),(46,1,'ff83483f68bbae18','LGE,Nexus 5',1470341794409,1470341811872,0.00063943,10.00000000,1),(47,1,'ff83483f68bbae18','LGE,Nexus 5',1470341817245,1470341841915,0.00326760,10.00000000,1),(48,1,'ff83483f68bbae18','LGE,Nexus 5',1470341845196,1470341873873,0.00216526,10.00000000,1),(49,1,'ff83483f68bbae18','LGE,Nexus 5',1470341885988,1470341967873,0.00065064,10.00000000,1),(50,1,'ff83483f68bbae18','LGE,Nexus 5',1470341971138,1470341998880,0.00699883,10.00000000,1),(51,1,'ff83483f68bbae18','LGE,Nexus 5',1470342001506,1470342008873,0.00000000,10.00000000,1),(52,1,'ff83483f68bbae18','LGE,Nexus 5',1470342086764,1470342215869,0.05153306,9.09090909,1),(53,1,'ff83483f68bbae18','LGE,Nexus 5',1470342219109,1470342226894,0.00246711,10.00000000,1),(54,1,'ff83483f68bbae18','LGE,Nexus 5',1470342353239,1470342430875,0.01863821,10.00000000,1);
/*!40000 ALTER TABLE `trip` ENABLE KEYS */;
UNLOCK TABLES;

--
-- Table structure for table `user`
--

DROP TABLE IF EXISTS `user`;
/*!40101 SET @saved_cs_client     = @@character_set_client */;
/*!40101 SET character_set_client = utf8 */;
CREATE TABLE `user` (
  `userid` int(10) unsigned NOT NULL AUTO_INCREMENT,
  `email` varchar(100) NOT NULL,
  `password` varchar(100) DEFAULT NULL,
  `firstname` varchar(100) DEFAULT NULL,
  `lastname` varchar(100) DEFAULT NULL,
  PRIMARY KEY (`userid`),
  UNIQUE KEY `email` (`email`)
) ENGINE=InnoDB AUTO_INCREMENT=12 DEFAULT CHARSET=latin1;
/*!40101 SET character_set_client = @saved_cs_client */;

--
-- Dumping data for table `user`
--

LOCK TABLES `user` WRITE;
/*!40000 ALTER TABLE `user` DISABLE KEYS */;
INSERT INTO `user` VALUES (1,'lkang@cs.wisc.edu','kanglei','Lei','Kang'),(5,'hartung@cs.wisc.edu','jfOzSo0j','Lance','Hartung'),(6,'bozhao.qi@gmail.com','111111','Bozhao','Qi'),(7,'pengliu.mail@gmail.com','lp2002','Peng','Liu'),(8,'lkang9@wisc.edu','kanglei','Lei','Kang'),(9,'banerjee73@yahoo.com','test','Suman ','Banerjee '),(10,'pddenhar@gmail.com','mrsir33','Peter','Den Hartog'),(11,'asherman@cs.wisc.edu','pieman102','Alex','Sherman');
/*!40000 ALTER TABLE `user` ENABLE KEYS */;
UNLOCK TABLES;
/*!40103 SET TIME_ZONE=@OLD_TIME_ZONE */;

/*!40101 SET SQL_MODE=@OLD_SQL_MODE */;
/*!40014 SET FOREIGN_KEY_CHECKS=@OLD_FOREIGN_KEY_CHECKS */;
/*!40014 SET UNIQUE_CHECKS=@OLD_UNIQUE_CHECKS */;
/*!40101 SET CHARACTER_SET_CLIENT=@OLD_CHARACTER_SET_CLIENT */;
/*!40101 SET CHARACTER_SET_RESULTS=@OLD_CHARACTER_SET_RESULTS */;
/*!40101 SET COLLATION_CONNECTION=@OLD_COLLATION_CONNECTION */;
/*!40111 SET SQL_NOTES=@OLD_SQL_NOTES */;

-- Dump completed on 2016-08-04 15:43:59
